CustomerID,Gender,Age,Annual_Income_k$,Spending_Score,Membership_Level,Online_Purchases,InStore_Purchases,Satisfaction_Score
1,Male,34,112,86,Bronze,2,1,4
2,Female,26,25,15,Bronze,6,1,3
3,Male,50,119,85,Gold,5,3,4
4,Male,37,81,79,Silver,3,5,1
5,Male,30,137,86,Bronze,4,1,1
6,Female,45,43,92,Bronze,10,2,4
7,Male,65,90,14,Bronze,1,5,3
8,Male,46,23,27,Bronze,8,2,3
9,Male,30,54,40,Silver,3,2,4
10,Female,63,39,58,Platinum,5,4,5
11,Male,52,19,28,Gold,4,2,3
12,Male,23,138,26,Bronze,11,2,2
13,Male,35,52,63,Gold,3,3,3
14,Male,68,86,66,Gold,4,4,5
15,Female,22,147,25,Gold,3,4,1
16,Male,64,104,3,Silver,3,4,1
17,Female,42,51,72,Bronze,8,5,1
18,Female,19,74,44,Bronze,1,2,3
19,Female,27,42,97,Bronze,5,0,1
20,Male,47,95,42,Bronze,7,3,5
21,Female,67,128,99,Bronze,3,3,5
22,Male,62,54,6,Silver,7,2,3
23,Female,22,59,39,Gold,5,3,2
24,Female,50,76,52,Silver,7,5,3
25,Female,18,107,23,Bronze,5,1,1
26,Female,35,129,89,Platinum,7,2,3
27,Female,49,81,50,Platinum,5,4,5
28,Female,64,70,43,Gold,4,2,3
29,Female,66,54,19,Platinum,5,0,3
30,Female,28,112,69,Silver,11,5,2
31,Male,38,54,51,Platinum,7,0,5
32,Male,43,105,11,Bronze,6,2,4
33,Female,42,47,12,Bronze,3,3,4
34,Female,39,20,74,Bronze,0,2,5
35,Female,44,94,8,Bronze,10,6,4
36,Male,66,106,24,Bronze,5,5,1
37,Female,30,111,92,Silver,5,3,4
38,Male,50,73,41,Gold,3,4,1
39,Male,51,73,36,Silver,4,5,5
40,Male,58,62,85,Bronze,2,2,4
41,Male,52,27,72,Gold,2,2,4
42,Male,18,121,55,Silver,7,4,1
43,Female,38,59,9,Bronze,3,4,1
44,Female,65,103,47,Silver,1,7,3
45,Female,23,114,15,Bronze,3,6,2
46,Female,45,21,48,Bronze,7,4,4
47,Female,34,147,82,Platinum,5,3,2
48,Male,22,59,42,Bronze,5,5,2
49,Female,48,72,60,Silver,4,2,4
50,Female,22,45,84,Gold,5,6,1
51,Male,55,37,70,Gold,5,2,3
52,Female,20,121,12,Bronze,3,6,5
53,Male,40,53,2,Bronze,3,3,4
54,Female,54,96,7,Bronze,6,2,4
55,Male,54,114,80,Silver,6,5,5
56,Female,27,16,3,Silver,4,3,2
57,Female,27,91,3,Bronze,9,2,3
58,Male,36,26,27,Platinum,6,2,2
59,Male,34,53,40,Silver,5,1,5
60,Male,38,27,33,Bronze,5,4,5
61,Male,31,60,92,Silver,4,2,3
62,Male,26,127,1,Silver,10,3,5
63,Male,63,31,8,Bronze,6,2,5
64,Male,18,118,32,Bronze,2,3,3
65,Male,68,112,48,Gold,4,2,4
66,Female,62,102,4,Silver,3,0,2
67,Female,30,123,94,Silver,2,2,4
68,Male,21,84,70,Silver,5,3,4
69,Female,18,88,19,Bronze,6,1,2
70,Female,66,77,32,Bronze,5,2,4
71,Female,57,74,9,Silver,10,3,3
72,Female,49,93,12,Bronze,5,1,2
73,Male,51,51,11,Bronze,5,4,1
74,Female,45,36,46,Gold,4,1,4
75,Male,48,110,16,Platinum,4,5,5
76,Female,25,82,1,Gold,3,1,2
77,Female,56,31,63,Gold,6,1,1
78,Female,43,26,21,Bronze,4,5,5
79,Male,51,132,30,Platinum,2,0,1
80,Female,20,36,13,Bronze,9,2,4
81,Male,67,134,34,Platinum,5,2,5
82,Female,29,64,4,Platinum,9,4,4
83,Male,18,28,28,Gold,5,2,5
84,Female,61,43,95,Platinum,5,4,2
85,Male,22,139,59,Silver,1,5,3
86,Male,47,21,27,Bronze,5,2,3
87,Female,47,43,69,Silver,8,3,1
88,Male,34,47,25,Silver,6,4,5
89,Female,65,148,3,Bronze,2,5,4
90,Female,64,125,97,Silver,5,2,2
91,Female,40,93,68,Platinum,5,4,2
92,Female,32,72,25,Bronze,4,4,2
93,Female,54,40,20,Gold,6,2,3
94,Female,38,43,34,Platinum,5,3,4
95,Female,31,18,26,Platinum,6,0,2
96,Female,19,113,5,Platinum,5,7,2
97,Female,28,53,99,Silver,4,0,1
98,Female,68,29,61,Platinum,7,0,5
99,Female,56,133,92,Gold,5,1,5
100,Male,55,43,93,Bronze,7,1,5
101,Male,51,89,9,Silver,6,0,1
102,Female,55,130,50,Gold,4,1,3
103,Female,67,46,6,Bronze,8,5,1
104,Female,51,144,83,Silver,4,0,2
105,Female,35,98,60,Silver,3,6,4
106,Female,47,36,44,Bronze,5,3,2
107,Female,32,41,11,Silver,10,4,2
108,Female,44,95,66,Gold,6,0,4
109,Female,68,140,47,Silver,4,7,5
110,Male,51,106,73,Bronze,3,4,1
111,Female,69,35,85,Bronze,3,0,3
112,Male,55,61,88,Bronze,5,2,2
113,Female,50,115,98,Platinum,2,8,2
114,Female,41,98,86,Bronze,6,3,3
115,Male,32,20,3,Silver,2,2,1
116,Female,47,145,76,Bronze,5,3,2
117,Male,59,15,92,Bronze,2,4,3
118,Female,68,72,30,Gold,6,1,2
119,Female,34,138,90,Gold,3,5,5
120,Male,22,29,21,Bronze,5,1,5
121,Female,46,78,28,Silver,2,5,2
122,Male,21,39,90,Bronze,6,2,2
123,Female,27,38,62,Silver,6,1,5
124,Male,34,26,33,Silver,7,0,2
125,Male,27,32,85,Bronze,6,2,1
126,Female,34,29,35,Bronze,6,1,1
127,Female,37,41,52,Bronze,4,2,4
128,Male,41,86,34,Platinum,4,0,1
129,Female,22,74,41,Platinum,7,3,2
130,Female,51,107,51,Bronze,5,6,2
131,Female,23,67,47,Gold,5,2,3
132,Male,19,22,82,Bronze,8,0,1
133,Male,30,93,58,Bronze,4,2,5
134,Male,60,41,75,Gold,2,1,5
135,Male,60,64,57,Platinum,3,6,4
136,Male,65,145,23,Platinum,4,4,3
137,Male,28,107,48,Silver,6,1,5
138,Male,68,38,22,Bronze,9,2,4
139,Male,64,74,17,Gold,3,5,1
140,Male,40,136,69,Bronze,5,2,3
141,Female,33,145,11,Silver,3,3,3
142,Male,48,60,94,Bronze,2,2,2
143,Female,28,29,15,Silver,4,1,1
144,Female,33,31,91,Bronze,9,5,3
145,Female,25,140,35,Bronze,4,3,4
146,Male,21,98,33,Platinum,5,3,5
147,Male,57,23,84,Bronze,8,2,1
148,Male,21,77,16,Silver,8,5,1
149,Male,42,131,34,Bronze,5,2,3
150,Female,20,144,66,Bronze,3,2,3
151,Male,49,102,99,Bronze,9,2,3
152,Male,20,86,40,Bronze,2,0,4
153,Male,44,78,28,Gold,8,3,2
154,Male,46,86,47,Bronze,7,5,3
155,Male,49,35,39,Platinum,6,2,2
156,Female,67,32,70,Silver,9,2,2
157,Male,68,78,73,Silver,3,4,1
158,Female,36,96,20,Silver,6,5,5
159,Male,38,124,1,Silver,7,4,5
160,Female,22,109,72,Gold,7,2,4
161,Male,35,46,87,Bronze,5,2,4
162,Male,45,25,63,Bronze,5,2,5
163,Female,59,59,67,Gold,1,2,5
164,Female,39,47,4,Platinum,7,2,1
165,Female,38,116,58,Gold,4,3,1
166,Male,23,25,25,Silver,7,5,5
167,Female,18,102,47,Gold,5,3,3
168,Male,22,55,38,Silver,5,3,3
169,Male,58,90,15,Silver,3,5,1
170,Female,29,135,63,Bronze,5,4,2
171,Female,43,60,21,Silver,5,1,5
172,Male,63,94,99,Bronze,4,2,4
173,Male,51,68,57,Bronze,3,1,3
174,Female,66,100,53,Gold,3,5,2
175,Female,31,106,46,Bronze,5,0,3
176,Female,43,111,14,Bronze,10,5,2
177,Male,62,16,100,Bronze,2,4,5
178,Male,44,47,76,Platinum,5,3,5
179,Male,26,91,17,Silver,3,3,5
180,Male,43,130,39,Silver,4,3,1
181,Male,64,117,9,Gold,6,1,2
182,Male,39,117,99,Gold,3,1,4
183,Female,64,104,77,Bronze,4,2,4
184,Male,47,136,79,Silver,4,3,5
185,Male,60,120,82,Gold,5,3,4
186,Male,65,133,97,Silver,8,3,3
187,Female,34,63,6,Bronze,5,4,2
188,Male,43,118,91,Gold,6,5,2
189,Male,53,75,23,Silver,3,2,2
190,Female,18,137,59,Bronze,4,2,3
191,Male,25,148,91,Silver,5,3,1
192,Male,66,23,98,Bronze,6,2,3
193,Male,52,20,46,Bronze,7,4,2
194,Male,69,87,38,Gold,5,5,2
195,Male,32,117,14,Bronze,2,4,2
196,Female,64,55,100,Silver,6,4,4
197,Female,39,128,72,Silver,4,5,1
198,Female,31,22,62,Bronze,2,2,3
199,Male,43,86,35,Platinum,4,5,2
200,Male,45,106,19,Bronze,2,1,5
201,Male,40,76,30,Bronze,3,2,1
202,Female,31,98,78,Bronze,4,3,5
203,Male,41,76,84,Bronze,7,3,1
204,Male,19,125,25,Bronze,5,3,2
205,Female,62,141,40,Gold,5,2,1
206,Male,43,21,88,Platinum,7,5,1
207,Female,31,98,14,Bronze,9,3,2
208,Female,68,146,26,Silver,7,2,5
209,Female,24,148,87,Gold,6,3,5
210,Male,20,72,22,Gold,6,6,4
211,Male,64,36,48,Silver,9,8,5
212,Male,40,141,83,Bronze,2,3,5
213,Male,63,17,51,Bronze,3,0,1
214,Male,60,141,3,Gold,9,5,4
215,Male,64,55,42,Gold,3,3,2
216,Male,62,120,19,Bronze,8,4,2
217,Female,35,28,73,Bronze,5,3,3
218,Male,55,26,28,Platinum,4,2,4
219,Female,52,101,84,Gold,9,3,1
220,Male,68,26,45,Platinum,2,1,3
221,Male,32,39,71,Gold,5,3,3
222,Male,42,59,78,Bronze,10,0,2
223,Female,54,136,63,Silver,5,1,5
224,Female,45,69,73,Silver,4,3,1
225,Female,27,114,19,Bronze,7,1,4
226,Female,56,133,47,Silver,3,0,3
227,Male,34,67,14,Gold,6,0,1
228,Female,56,46,38,Bronze,3,4,2
229,Male,39,65,53,Gold,3,3,3
230,Male,43,58,61,Silver,4,4,3
231,Female,61,96,36,Platinum,1,7,2
232,Female,42,51,40,Bronze,2,3,2
233,Female,34,110,81,Bronze,4,1,2
234,Female,30,70,30,Silver,5,3,1
235,Female,37,119,9,Bronze,8,3,1
236,Female,42,73,64,Gold,7,2,1
237,Female,21,145,33,Gold,7,7,5
238,Female,27,49,52,Bronze,2,2,3
239,Male,20,107,89,Silver,6,4,1
240,Female,58,111,14,Silver,8,3,5
241,Female,62,149,75,Bronze,6,2,3
242,Male,35,90,53,Platinum,4,0,1
243,Female,64,63,99,Gold,4,7,2
244,Male,53,108,59,Silver,4,5,4
245,Male,64,38,78,Gold,1,5,1
246,Female,39,51,94,Silver,6,1,4
247,Male,51,18,41,Platinum,8,4,1
248,Male,64,122,68,Silver,7,4,2
249,Male,25,140,68,Gold,7,2,4
250,Male,57,34,92,Gold,6,1,5
251,Female,66,64,8,Bronze,6,4,2
252,Male,61,110,2,Gold,4,5,4
253,Female,36,119,86,Bronze,3,5,4
254,Male,59,131,41,Bronze,6,2,2
255,Male,58,112,55,Bronze,3,6,2
256,Male,54,80,16,Platinum,10,3,2
257,Male,23,93,93,Gold,5,4,3
258,Female,69,20,62,Gold,6,4,5
259,Female,43,53,48,Gold,6,2,1
260,Male,51,129,30,Silver,4,10,4
261,Male,62,139,12,Platinum,6,4,1
262,Female,23,26,35,Silver,5,3,2
263,Male,54,145,11,Bronze,3,0,5
264,Male,50,32,64,Bronze,2,2,5
265,Male,39,54,50,Gold,3,2,3
266,Female,38,35,85,Gold,2,1,2
267,Female,23,113,21,Bronze,8,4,4
268,Female,23,40,69,Bronze,7,4,3
269,Male,65,22,48,Gold,4,2,2
270,Male,21,114,20,Bronze,3,3,3
271,Female,47,101,67,Gold,3,6,1
272,Female,28,56,44,Platinum,6,2,2
273,Female,47,28,33,Silver,5,2,4
274,Female,48,92,73,Bronze,1,4,4
275,Male,41,16,61,Gold,8,5,2
276,Female,26,133,9,Gold,9,2,3
277,Male,20,51,68,Silver,4,2,5
278,Female,68,83,35,Platinum,7,4,2
279,Male,48,55,81,Bronze,3,3,4
280,Female,57,76,98,Silver,7,4,1
281,Female,54,74,88,Gold,5,3,4
282,Female,53,139,96,Gold,6,2,5
283,Female,41,125,65,Bronze,8,5,4
284,Male,48,28,8,Gold,2,0,5
285,Female,23,98,45,Silver,4,4,2
286,Male,19,144,87,Bronze,9,3,4
287,Male,37,84,47,Bronze,4,1,3
288,Male,45,137,40,Gold,4,4,3
289,Male,28,103,76,Bronze,3,4,4
290,Female,21,42,54,Bronze,4,3,4
291,Male,32,80,76,Bronze,4,0,1
292,Male,23,19,46,Gold,6,3,4
293,Male,66,59,47,Silver,7,5,1
294,Female,47,61,15,Gold,3,1,1
295,Female,55,45,19,Bronze,6,5,1
296,Female,68,24,26,Silver,8,2,1
297,Female,19,132,52,Silver,7,2,2
298,Male,32,28,93,Gold,3,2,3
299,Male,28,94,22,Platinum,4,3,1
300,Female,25,107,21,Bronze,6,5,3
301,Male,43,24,51,Silver,8,5,1
302,Male,68,90,38,Bronze,3,2,3
303,Male,62,108,20,Silver,4,3,4
304,Female,61,119,29,Bronze,3,0,4
305,Female,22,15,51,Bronze,8,4,3
306,Male,23,147,4,Bronze,1,2,1
307,Female,43,34,55,Silver,3,8,2
308,Female,21,22,71,Bronze,7,5,3
309,Female,36,15,92,Gold,5,4,5
310,Female,37,71,28,Silver,9,3,2
311,Female,50,78,4,Bronze,5,3,5
312,Male,37,132,22,Gold,4,1,3
313,Female,66,42,76,Bronze,5,1,1
314,Male,29,135,45,Silver,7,3,5
315,Male,64,121,67,Silver,3,4,3
316,Female,18,63,86,Bronze,6,2,2
317,Male,43,134,66,Bronze,7,2,1
318,Male,31,58,88,Bronze,4,4,5
319,Male,55,70,34,Platinum,4,2,3
320,Female,54,125,91,Silver,4,3,1
321,Female,28,148,55,Silver,3,2,1
322,Male,53,122,1,Silver,4,1,4
323,Female,30,128,72,Bronze,2,4,1
324,Female,60,92,87,Silver,7,3,3
325,Female,20,144,38,Gold,6,2,2
326,Female,50,51,6,Bronze,7,4,4
327,Male,23,34,86,Bronze,5,2,3
328,Male,67,40,25,Bronze,4,3,3
329,Female,27,43,82,Silver,5,0,3
330,Female,22,15,17,Platinum,4,4,5
331,Male,40,133,61,Bronze,7,4,5
332,Male,27,49,12,Silver,5,3,2
333,Female,61,73,6,Bronze,6,0,3
334,Male,19,83,90,Platinum,5,0,5
335,Female,30,26,27,Bronze,2,3,5
336,Female,57,34,8,Silver,4,2,5
337,Male,19,57,83,Gold,4,3,2
338,Male,37,140,65,Gold,6,2,2
339,Female,18,64,57,Silver,11,6,3
340,Female,54,43,93,Bronze,6,4,4
341,Male,26,53,99,Bronze,8,3,3
342,Female,34,52,40,Bronze,5,4,5
343,Male,26,98,14,Bronze,3,6,5
344,Female,28,142,35,Silver,5,3,1
345,Male,32,140,48,Bronze,1,0,3
346,Male,41,59,84,Bronze,8,0,5
347,Male,55,66,56,Silver,6,7,5
348,Female,52,94,49,Platinum,4,5,4
349,Female,47,138,13,Silver,7,2,1
350,Male,48,133,61,Bronze,1,6,3
351,Female,66,22,49,Bronze,7,6,2
352,Male,22,99,46,Platinum,3,2,3
353,Male,61,143,62,Bronze,9,4,3
354,Female,67,22,8,Bronze,4,2,4
355,Female,31,110,43,Silver,2,1,3
356,Male,28,116,20,Silver,4,5,4
357,Female,26,19,97,Silver,6,7,4
358,Female,51,100,90,Bronze,2,0,5
359,Male,29,48,39,Bronze,1,2,2
360,Male,52,69,85,Platinum,7,0,4
361,Female,52,133,49,Bronze,7,4,1
362,Male,18,128,64,Silver,6,5,1
363,Male,57,40,62,Gold,8,2,2
364,Female,39,61,54,Silver,7,1,4
365,Male,46,127,9,Bronze,5,3,2
366,Male,25,90,88,Bronze,6,2,5
367,Female,28,86,37,Silver,6,3,1
368,Female,58,103,49,Gold,7,3,3
369,Male,54,60,41,Platinum,6,5,1
370,Male,31,47,17,Bronze,3,4,4
371,Female,47,15,88,Bronze,3,2,2
372,Female,52,45,21,Platinum,1,7,1
373,Female,38,67,51,Gold,5,3,3
374,Female,54,62,59,Gold,3,3,3
375,Male,22,83,39,Bronze,9,0,2
376,Female,36,119,55,Silver,8,6,2
377,Female,31,104,41,Gold,4,3,1
378,Male,43,77,39,Silver,2,0,4
379,Female,21,87,13,Silver,3,6,5
380,Male,42,103,64,Bronze,2,3,3
381,Female,62,27,11,Silver,4,6,2
382,Female,59,87,19,Bronze,4,1,5
383,Female,42,91,11,Silver,5,5,5
384,Male,35,82,77,Platinum,8,4,5
385,Male,57,112,46,Bronze,6,4,4
386,Female,25,139,45,Gold,3,4,2
387,Male,56,116,1,Bronze,5,1,3
388,Male,57,146,40,Silver,6,1,2
389,Male,31,116,19,Platinum,3,9,1
390,Male,49,33,76,Bronze,8,6,3
391,Male,68,96,72,Bronze,8,4,2
392,Male,55,37,72,Silver,5,2,3
393,Female,50,97,61,Bronze,4,3,1
394,Female,40,123,12,Gold,2,4,3
395,Male,32,89,61,Platinum,6,4,5
396,Female,50,143,33,Silver,5,2,4
397,Female,42,102,45,Bronze,6,1,1
398,Female,34,68,90,Silver,7,4,3
399,Female,50,103,92,Gold,3,1,1
400,Male,64,79,69,Bronze,9,4,5
401,Female,19,90,8,Silver,2,5,4
402,Female,31,74,25,Silver,0,2,1
403,Male,57,107,91,Silver,6,4,5
404,Male,57,63,46,Bronze,4,2,5
405,Female,68,49,87,Gold,6,3,5
406,Female,56,116,30,Bronze,4,4,3
407,Female,68,25,47,Bronze,5,4,2
408,Female,23,113,87,Gold,2,3,1
409,Female,23,124,49,Gold,5,5,2
410,Female,20,88,47,Bronze,4,3,5
411,Male,24,23,84,Bronze,3,2,2
412,Female,68,17,82,Bronze,5,1,5
413,Female,25,99,18,Bronze,3,4,5
414,Male,59,40,66,Bronze,3,2,4
415,Male,69,86,68,Bronze,4,4,4
416,Male,32,62,94,Silver,8,5,2
417,Male,64,131,33,Gold,5,0,1
418,Female,46,26,36,Silver,4,2,2
419,Female,50,147,82,Silver,4,2,1
420,Female,69,62,19,Bronze,4,2,2
421,Female,47,51,28,Platinum,4,1,3
422,Female,56,58,40,Gold,7,2,3
423,Female,44,29,84,Gold,8,2,1
424,Male,53,57,97,Gold,7,7,4
425,Female,46,101,76,Platinum,3,2,1
426,Male,55,84,15,Silver,6,3,2
427,Male,50,60,41,Bronze,6,1,5
428,Female,54,122,39,Silver,4,4,3
429,Male,44,137,2,Gold,6,2,5
430,Female,50,35,63,Gold,9,3,3
431,Male,21,121,29,Silver,6,5,2
432,Female,39,94,74,Bronze,4,3,3
433,Male,19,61,66,Bronze,6,3,1
434,Female,27,131,51,Platinum,7,3,5
435,Female,22,138,75,Silver,4,4,5
436,Female,27,39,77,Silver,3,6,2
437,Female,50,50,10,Bronze,4,5,5
438,Female,55,65,14,Bronze,5,1,2
439,Male,30,29,82,Gold,3,4,4
440,Male,48,82,51,Silver,5,1,1
441,Male,64,35,73,Gold,3,3,3
442,Female,53,33,39,Silver,5,4,3
443,Male,62,48,28,Silver,5,4,3
444,Female,41,92,3,Bronze,5,5,4
445,Female,69,139,84,Gold,6,3,1
446,Male,32,131,70,Silver,6,1,5
447,Male,46,66,27,Silver,6,1,5
448,Female,25,41,2,Silver,5,4,1
449,Male,22,49,93,Platinum,7,5,1
450,Female,46,120,38,Bronze,3,2,3
451,Female,64,16,3,Gold,5,4,5
452,Female,21,91,16,Bronze,7,6,1
453,Female,29,146,94,Silver,2,3,5
454,Female,62,104,40,Bronze,8,3,1
455,Male,19,103,2,Bronze,4,3,2
456,Male,44,108,81,Silver,2,2,3
457,Female,48,21,41,Bronze,5,4,1
458,Female,68,109,12,Silver,5,2,4
459,Male,68,122,35,Platinum,4,1,1
460,Male,53,88,65,Bronze,6,2,2
461,Female,53,53,55,Gold,8,2,4
462,Male,43,85,45,Silver,4,4,4
463,Female,60,70,79,Silver,3,4,1
464,Male,44,56,90,Bronze,6,3,2
465,Female,22,50,85,Bronze,4,4,4
466,Male,37,98,62,Bronze,2,4,3
467,Female,28,132,49,Bronze,3,1,3
468,Male,27,21,95,Bronze,1,5,5
469,Male,57,68,25,Silver,9,4,5
470,Female,55,143,23,Gold,5,1,2
471,Male,23,134,24,Gold,3,5,4
472,Female,25,120,38,Silver,4,4,3
473,Male,40,61,28,Bronze,3,1,3
474,Female,64,137,21,Bronze,4,2,2
475,Male,43,133,54,Bronze,6,4,4
476,Female,63,132,18,Bronze,4,2,2
477,Male,60,35,36,Silver,2,6,1
478,Female,29,40,99,Silver,6,4,3
479,Male,43,23,45,Bronze,3,6,2
480,Female,30,29,73,Bronze,6,4,2
481,Female,57,24,53,Gold,2,4,1
482,Female,35,136,30,Gold,8,2,5
483,Male,42,135,60,Bronze,3,1,3
484,Female,50,139,98,Platinum,6,3,2
485,Male,64,86,32,Platinum,4,2,3
486,Female,57,63,67,Bronze,5,4,5
487,Male,60,105,67,Bronze,6,5,2
488,Female,29,51,28,Silver,1,0,1
489,Male,61,82,44,Platinum,5,5,3
490,Male,53,64,79,Gold,7,3,1
491,Female,65,33,41,Bronze,6,3,5
492,Male,21,114,63,Bronze,6,5,5
493,Male,22,74,23,Silver,7,0,3
494,Female,54,103,75,Silver,4,3,5
495,Male,25,83,48,Bronze,3,1,4
496,Male,59,63,32,Gold,8,2,3
497,Male,66,122,57,Silver,4,3,4
498,Female,45,133,100,Gold,5,1,5
499,Male,48,51,33,Gold,5,1,3
500,Female,26,25,24,Gold,3,4,4
501,Male,68,92,39,Silver,9,5,5
502,Male,46,91,34,Silver,8,5,2
503,Male,31,16,56,Bronze,6,2,2
504,Female,57,78,28,Silver,3,2,1
505,Male,58,49,37,Bronze,5,3,2
506,Male,39,21,7,Silver,5,5,4
507,Female,28,99,68,Bronze,5,6,2
508,Male,40,81,37,Bronze,3,3,3
509,Female,18,56,56,Bronze,7,1,3
510,Female,63,132,65,Bronze,3,2,3
511,Male,54,139,65,Gold,0,2,2
512,Female,38,38,47,Gold,6,2,2
513,Male,43,60,20,Silver,6,2,1
514,Female,63,33,19,Bronze,4,2,5
515,Female,53,82,29,Bronze,5,3,1
516,Male,40,116,74,Bronze,9,4,4
517,Female,18,56,60,Bronze,5,3,3
518,Female,68,46,18,Gold,4,2,2
519,Female,57,123,92,Bronze,3,2,5
520,Female,32,50,35,Bronze,6,5,5
521,Female,38,111,43,Bronze,2,3,2
522,Male,64,145,95,Bronze,6,2,1
523,Female,26,87,91,Silver,6,1,5
524,Male,26,111,11,Silver,6,5,1
525,Female,27,137,49,Bronze,5,2,2
526,Male,69,84,38,Bronze,3,2,1
527,Male,43,27,64,Bronze,4,5,3
528,Female,58,63,69,Bronze,4,2,2
529,Female,52,74,8,Bronze,5,3,2
530,Female,69,144,34,Platinum,4,0,5
531,Male,42,19,48,Silver,4,0,5
532,Female,43,41,56,Silver,5,1,5
533,Male,28,22,76,Silver,5,4,3
534,Male,55,64,65,Silver,5,6,3
535,Male,19,81,31,Silver,7,3,4
536,Female,24,58,4,Silver,3,1,2
537,Female,35,139,50,Gold,2,0,5
538,Male,44,72,69,Bronze,4,0,2
539,Male,51,17,30,Silver,4,0,1
540,Female,44,100,88,Silver,6,1,3
541,Male,34,84,59,Gold,3,3,4
542,Female,60,144,67,Silver,5,5,1
543,Male,61,16,75,Silver,5,7,2
544,Female,68,116,45,Bronze,5,0,3
545,Male,41,49,4,Silver,5,4,5
546,Female,42,112,26,Bronze,3,2,1
547,Male,24,44,27,Bronze,10,2,3
548,Female,69,130,46,Bronze,5,4,2
549,Female,23,22,64,Silver,4,0,2
550,Male,41,58,91,Bronze,4,3,1
551,Male,50,50,51,Bronze,7,1,1
552,Female,66,91,50,Gold,3,3,1
553,Male,46,45,6,Bronze,6,6,4
554,Female,60,61,59,Silver,2,3,5
555,Male,39,69,15,Silver,4,5,3
556,Female,43,120,30,Bronze,4,2,2
557,Female,45,135,42,Gold,4,1,2
558,Female,67,69,37,Bronze,8,4,5
559,Female,38,26,42,Silver,5,7,1
560,Female,66,17,35,Silver,8,2,1
561,Female,24,44,87,Silver,5,4,2
562,Male,34,37,6,Silver,7,4,5
563,Male,37,106,68,Bronze,8,0,2
564,Male,58,129,18,Bronze,3,5,1
565,Female,66,118,73,Gold,4,7,3
566,Female,37,132,29,Silver,6,1,1
567,Female,39,19,77,Gold,4,2,3
568,Female,45,118,59,Gold,4,3,4
569,Male,57,122,47,Gold,6,1,5
570,Male,66,79,17,Silver,2,2,4
571,Female,24,135,96,Bronze,4,2,1
572,Male,18,44,22,Gold,2,1,5
573,Male,49,98,68,Silver,8,7,1
574,Female,30,46,69,Bronze,7,0,5
575,Male,47,30,37,Gold,2,8,5
576,Female,40,52,49,Gold,5,3,1
577,Male,68,50,13,Silver,6,3,1
578,Female,36,128,34,Bronze,7,0,5
579,Female,49,80,86,Bronze,7,3,5
580,Female,47,119,53,Gold,7,1,1
581,Female,46,99,87,Platinum,6,3,1
582,Male,66,16,51,Bronze,5,1,2
583,Female,62,89,3,Bronze,5,1,2
584,Female,46,81,42,Gold,8,5,2
585,Female,47,69,98,Bronze,7,4,4
586,Male,33,20,32,Silver,4,9,5
587,Female,57,100,51,Platinum,5,2,3
588,Male,36,74,85,Bronze,8,2,4
589,Female,35,115,46,Silver,5,2,5
590,Male,18,26,21,Bronze,2,2,3
591,Male,31,63,44,Bronze,3,4,2
592,Female,68,56,11,Gold,7,1,3
593,Male,64,96,68,Silver,3,2,1
594,Female,67,49,1,Platinum,8,2,1
595,Female,19,148,92,Silver,1,3,5
596,Female,45,81,63,Bronze,5,1,4
597,Male,66,94,24,Bronze,3,1,2
598,Male,67,21,99,Bronze,5,5,5
599,Female,47,28,13,Bronze,5,4,2
600,Female,55,87,98,Bronze,2,7,1
601,Male,68,80,11,Bronze,7,1,4
602,Female,21,105,100,Silver,2,2,4
603,Female,18,144,51,Gold,4,5,1
604,Female,25,34,17,Silver,5,4,3
605,Male,46,24,99,Gold,4,5,4
606,Male,56,39,82,Bronze,4,4,3
607,Male,20,39,86,Bronze,5,3,2
608,Female,49,68,24,Silver,4,4,4
609,Female,27,47,19,Silver,4,6,1
610,Female,27,109,37,Bronze,5,4,3
611,Male,36,28,85,Gold,7,6,2
612,Female,63,79,8,Gold,6,2,2
613,Female,51,124,28,Silver,6,4,4
614,Female,50,94,5,Bronze,8,0,4
615,Female,40,68,17,Gold,5,3,5
616,Male,45,139,36,Silver,2,1,5
617,Male,49,145,19,Gold,4,4,4
618,Female,67,148,64,Gold,6,2,5
619,Male,24,39,91,Gold,3,3,1
620,Male,46,131,98,Silver,3,4,1
621,Female,25,39,11,Bronze,5,5,5
622,Female,18,93,54,Silver,5,2,4
623,Male,20,82,45,Silver,6,4,1
624,Female,41,26,47,Gold,2,5,2
625,Male,40,46,12,Bronze,6,4,4
626,Female,25,142,21,Bronze,4,5,3
627,Male,64,110,11,Gold,3,1,3
628,Female,54,106,92,Gold,4,3,4
629,Male,20,45,5,Platinum,2,5,5
630,Male,68,92,81,Gold,6,1,1
631,Male,50,34,56,Silver,8,0,1
632,Female,45,74,20,Silver,5,1,4
633,Male,64,148,41,Gold,6,2,2
634,Male,25,107,46,Silver,5,3,5
635,Female,51,57,12,Silver,5,1,2
636,Female,52,144,70,Bronze,6,2,4
637,Male,49,74,17,Silver,4,2,4
638,Male,41,45,19,Gold,4,5,2
639,Female,31,19,26,Bronze,5,1,3
640,Female,49,24,48,Bronze,5,3,4
641,Female,63,103,52,Bronze,4,2,5
642,Female,60,144,96,Bronze,4,4,2
643,Female,33,140,70,Bronze,7,5,3
644,Male,21,25,55,Silver,5,3,2
645,Female,69,70,100,Platinum,4,3,3
646,Male,54,97,75,Silver,3,3,3
647,Male,38,113,33,Bronze,9,2,5
648,Male,31,87,62,Bronze,6,3,4
649,Female,48,129,88,Silver,6,6,3
650,Male,65,21,23,Bronze,4,2,4
651,Male,35,94,15,Gold,7,1,5
652,Female,24,111,27,Silver,6,3,4
653,Male,27,18,75,Gold,6,1,1
654,Male,24,18,64,Bronze,2,4,3
655,Female,50,117,81,Silver,6,5,5
656,Male,40,54,51,Bronze,4,2,2
657,Male,38,31,53,Platinum,7,3,5
658,Male,36,115,78,Silver,8,0,3
659,Female,65,117,91,Bronze,6,1,5
660,Female,36,138,82,Bronze,3,7,2
661,Female,53,66,92,Bronze,4,6,1
662,Male,46,66,51,Silver,5,2,3
663,Male,35,138,47,Bronze,3,2,3
664,Female,19,77,4,Silver,5,3,5
665,Male,18,130,7,Bronze,8,4,4
666,Male,64,76,35,Silver,8,3,4
667,Female,22,21,48,Gold,5,4,2
668,Female,37,106,73,Gold,5,1,1
669,Male,28,28,72,Gold,8,4,1
670,Male,59,100,45,Bronze,5,3,5
671,Male,19,147,81,Bronze,4,4,5
672,Female,20,144,81,Silver,3,4,4
673,Female,40,76,97,Bronze,7,4,1
674,Female,29,93,96,Silver,4,3,1
675,Female,37,72,72,Bronze,4,0,1
676,Male,22,134,19,Bronze,5,4,2
677,Female,54,147,63,Bronze,3,3,2
678,Female,55,79,38,Gold,5,6,5
679,Female,47,27,67,Bronze,4,1,4
680,Female,26,96,59,Silver,6,3,3
681,Female,51,66,69,Bronze,5,3,4
682,Male,61,131,13,Silver,5,3,2
683,Male,52,40,47,Bronze,2,3,2
684,Female,69,48,61,Gold,5,2,5
685,Male,39,66,31,Gold,3,3,3
686,Female,61,126,80,Bronze,3,3,1
687,Female,41,96,96,Platinum,5,3,3
688,Male,34,56,22,Platinum,4,2,3
689,Male,27,35,93,Gold,3,2,3
690,Female,47,56,86,Gold,4,2,5
691,Female,63,127,43,Bronze,2,5,2
692,Female,40,119,67,Silver,6,2,1
693,Male,49,31,54,Bronze,7,6,3
694,Female,34,134,10,Bronze,3,4,1
695,Female,67,143,42,Platinum,5,3,3
696,Female,68,144,64,Bronze,4,3,2
697,Male,34,74,21,Gold,6,0,1
698,Female,31,62,80,Gold,6,5,4
699,Female,26,43,76,Gold,2,2,2
700,Male,57,111,66,Platinum,2,3,1
701,Female,19,24,41,Bronze,5,3,3
702,Female,62,72,24,Bronze,2,4,3
703,Male,42,35,35,Silver,7,2,2
704,Female,56,42,56,Bronze,4,5,2
705,Male,26,48,30,Bronze,5,1,3
706,Male,39,22,57,Bronze,7,4,1
707,Female,60,93,94,Gold,5,0,4
708,Female,63,101,47,Silver,7,6,5
709,Female,21,102,35,Bronze,1,2,2
710,Female,43,83,19,Silver,3,2,3
711,Male,46,101,8,Bronze,4,1,1
712,Female,62,115,26,Bronze,9,4,2
713,Male,51,22,71,Gold,4,1,1
714,Female,40,91,30,Silver,5,4,2
715,Female,54,101,7,Gold,6,3,3
716,Female,28,57,67,Bronze,6,2,1
717,Male,23,143,65,Gold,3,3,3
718,Female,35,123,36,Silver,3,3,1
719,Female,38,31,25,Silver,5,3,2
720,Female,59,147,37,Silver,7,1,5
721,Female,53,35,1,Gold,6,2,5
722,Male,58,72,15,Silver,6,4,4
723,Female,55,124,37,Silver,4,2,4
724,Male,51,149,13,Platinum,7,5,3
725,Male,34,42,8,Gold,4,4,1
726,Male,54,65,5,Silver,8,4,4
727,Male,42,19,60,Gold,5,3,2
728,Male,55,19,73,Bronze,5,1,5
729,Male,29,108,1,Bronze,4,0,1
730,Female,40,110,36,Silver,5,2,5
731,Male,59,22,35,Platinum,2,1,1
732,Male,39,78,66,Platinum,3,1,4
733,Male,38,52,63,Bronze,7,4,4
734,Female,44,125,23,Silver,5,1,3
735,Female,48,126,9,Bronze,6,3,1
736,Male,23,95,34,Platinum,7,5,2
737,Female,44,118,46,Platinum,2,4,4
738,Male,57,87,78,Silver,7,5,3
739,Male,51,63,4,Gold,5,4,4
740,Female,29,50,30,Gold,5,4,5
741,Male,62,140,95,Silver,7,2,4
742,Female,24,82,75,Bronze,6,0,1
743,Female,27,92,99,Silver,5,2,3
744,Male,62,119,72,Silver,0,5,1
745,Male,34,136,3,Silver,7,6,2
746,Female,43,133,14,Bronze,5,1,2
747,Male,38,128,60,Platinum,5,0,4
748,Male,45,24,77,Bronze,6,4,3
749,Male,63,105,45,Silver,8,4,3
750,Female,19,16,96,Silver,4,5,3
751,Female,60,132,34,Silver,6,3,3
752,Male,18,27,45,Silver,4,1,4
753,Female,68,109,61,Bronze,1,5,1
754,Female,53,46,83,Bronze,3,2,4
755,Female,68,46,16,Silver,4,4,1
756,Female,43,138,66,Silver,5,1,5
757,Female,46,25,40,Bronze,4,4,5
758,Male,38,24,17,Gold,5,6,1
759,Male,28,29,34,Silver,2,1,4
760,Male,57,31,16,Silver,2,3,2
761,Female,28,73,60,Gold,5,2,4
762,Female,53,92,66,Bronze,5,2,2
763,Male,66,138,66,Bronze,5,4,4
764,Female,56,128,90,Gold,6,5,3
765,Male,57,36,13,Silver,4,1,3
766,Male,52,46,56,Silver,9,2,5
767,Male,51,127,31,Gold,7,4,5
768,Female,64,134,34,Gold,2,4,1
769,Female,41,136,39,Platinum,3,4,2
770,Male,39,46,67,Silver,4,6,3
771,Male,22,133,8,Silver,6,3,4
772,Male,50,53,87,Silver,7,4,1
773,Male,53,26,78,Bronze,4,4,4
774,Female,64,32,55,Silver,5,1,3
775,Female,37,140,27,Bronze,5,2,3
776,Male,36,60,93,Platinum,3,1,3
777,Male,52,118,53,Silver,3,2,3
778,Female,69,149,39,Silver,7,1,4
779,Female,60,100,65,Bronze,3,8,1
780,Male,34,103,17,Bronze,8,2,3
781,Male,62,36,30,Bronze,8,2,5
782,Male,60,106,53,Silver,5,6,1
783,Female,51,43,13,Bronze,5,2,5
784,Female,26,27,21,Silver,3,2,4
785,Female,43,16,19,Gold,3,0,3
786,Male,19,43,53,Gold,6,1,1
787,Male,26,41,19,Silver,5,1,3
788,Female,26,64,57,Bronze,4,4,3
789,Female,57,109,25,Gold,6,2,1
790,Male,34,102,86,Gold,3,5,3
791,Female,18,58,31,Bronze,12,3,3
792,Female,42,36,81,Gold,1,3,2
793,Male,60,111,55,Bronze,6,5,2
794,Female,57,17,23,Gold,1,3,1
795,Male,59,132,32,Platinum,6,3,1
796,Male,42,33,62,Bronze,1,5,3
797,Male,56,37,74,Gold,4,4,5
798,Male,52,44,10,Silver,3,1,1
799,Male,20,53,100,Platinum,3,4,3
800,Male,67,122,72,Silver,5,3,5
801,Male,54,125,54,Gold,5,1,2
802,Female,61,39,52,Bronze,5,3,1
803,Male,61,142,20,Bronze,9,2,3
804,Male,68,125,32,Bronze,3,3,2
805,Female,47,120,14,Platinum,3,1,4
806,Female,55,86,50,Gold,6,1,2
807,Female,51,143,28,Gold,6,2,3
808,Male,29,122,53,Platinum,3,4,5
809,Female,36,19,24,Bronze,7,2,4
810,Male,54,17,79,Bronze,4,2,4
811,Male,61,146,22,Bronze,1,4,4
812,Male,66,118,30,Bronze,7,2,1
813,Male,34,78,63,Bronze,7,3,3
814,Female,27,120,4,Silver,2,4,4
815,Female,66,112,77,Bronze,5,5,2
816,Male,64,24,59,Bronze,6,3,5
817,Male,29,142,87,Bronze,9,2,3
818,Male,33,60,8,Bronze,3,5,2
819,Female,41,80,82,Platinum,4,4,1
820,Male,36,126,12,Gold,10,1,4
821,Male,25,27,31,Platinum,4,5,2
822,Female,48,100,78,Silver,4,2,3
823,Female,38,104,34,Bronze,4,3,2
824,Male,34,72,82,Gold,7,2,1
825,Female,40,68,98,Bronze,8,10,5
826,Female,54,26,75,Bronze,6,4,4
827,Male,33,28,76,Bronze,6,3,3
828,Female,23,135,49,Bronze,3,4,4
829,Male,25,135,79,Bronze,5,5,4
830,Female,42,34,57,Bronze,6,3,4
831,Male,35,89,95,Silver,2,1,2
832,Male,42,84,93,Bronze,8,2,2
833,Male,29,70,26,Bronze,5,3,5
834,Female,32,115,18,Gold,4,2,1
835,Male,43,146,96,Bronze,4,4,3
836,Female,58,125,86,Bronze,2,5,2
837,Male,62,139,38,Gold,5,0,4
838,Male,43,146,81,Bronze,5,2,1
839,Female,64,34,87,Bronze,4,3,3
840,Male,49,38,88,Silver,2,4,3
841,Male,27,51,50,Bronze,4,2,3
842,Female,33,68,8,Silver,4,0,3
843,Male,24,117,41,Gold,1,2,5
844,Male,34,52,6,Bronze,8,1,3
845,Male,40,18,69,Silver,4,4,1
846,Male,43,71,44,Silver,10,1,2
847,Female,38,34,64,Bronze,6,2,1
848,Female,39,31,29,Silver,3,1,4
849,Male,24,133,28,Bronze,6,4,5
850,Female,31,85,11,Silver,4,1,5
851,Male,32,18,65,Bronze,3,2,4
852,Female,24,28,19,Silver,2,4,1
853,Male,26,17,9,Bronze,3,3,1
854,Male,68,94,27,Gold,5,9,4
855,Male,65,69,34,Bronze,3,1,3
856,Male,25,146,44,Silver,4,0,3
857,Male,67,134,68,Silver,3,1,2
858,Male,40,38,100,Gold,6,2,1
859,Female,46,96,82,Silver,5,1,1
860,Male,35,74,15,Silver,5,0,4
861,Female,48,63,51,Gold,4,5,4
862,Male,47,77,13,Gold,4,5,3
863,Female,69,124,83,Bronze,6,7,1
864,Female,56,123,49,Silver,4,2,1
865,Female,52,90,70,Gold,6,4,5
866,Male,35,44,56,Platinum,4,6,2
867,Male,59,72,76,Gold,5,3,2
868,Female,56,131,51,Bronze,5,7,3
869,Male,34,114,37,Bronze,4,3,1
870,Female,31,33,17,Silver,5,4,5
871,Male,48,108,58,Gold,3,2,1
872,Female,41,127,87,Silver,4,3,4
873,Female,52,77,90,Silver,6,2,3
874,Male,61,130,29,Gold,6,2,2
875,Female,62,127,33,Bronze,1,5,1
876,Male,51,61,60,Gold,3,2,3
877,Female,20,71,91,Silver,4,3,2
878,Female,54,132,89,Bronze,6,4,1
879,Male,60,59,55,Silver,4,1,5
880,Male,57,18,10,Gold,3,1,3
881,Male,43,61,47,Bronze,14,3,1
882,Female,40,61,23,Bronze,5,3,2
883,Male,61,92,85,Platinum,4,3,2
884,Female,56,138,21,Bronze,5,3,5
885,Female,32,89,13,Silver,5,1,3
886,Male,66,117,33,Silver,7,3,3
887,Male,21,104,24,Silver,7,3,1
888,Female,46,83,11,Silver,7,0,2
889,Female,39,75,17,Bronze,2,2,2
890,Male,42,64,68,Silver,5,1,5
891,Male,30,17,47,Bronze,3,3,5
892,Male,35,121,25,Silver,7,2,3
893,Male,50,127,94,Bronze,2,1,2
894,Male,33,108,73,Silver,6,3,1
895,Female,62,132,21,Bronze,4,3,4
896,Female,59,95,84,Bronze,8,4,1
897,Female,61,123,83,Bronze,5,1,5
898,Female,19,65,83,Bronze,1,1,1
899,Male,52,49,12,Gold,2,7,2
900,Male,59,60,37,Bronze,3,1,3
901,Male,51,83,42,Platinum,6,5,4
902,Female,47,107,17,Platinum,8,0,3
903,Female,30,78,48,Silver,4,7,4
904,Male,30,63,28,Bronze,3,3,4
905,Male,35,88,41,Bronze,6,1,2
906,Female,49,19,99,Gold,6,4,2
907,Female,49,114,47,Bronze,8,5,5
908,Male,52,84,18,Bronze,6,2,5
909,Male,56,104,78,Silver,6,1,4
910,Female,63,18,99,Gold,5,2,5
911,Male,69,140,71,Gold,4,6,2
912,Male,46,53,13,Bronze,5,1,5
913,Male,66,143,82,Silver,5,4,4
914,Female,46,38,13,Bronze,6,4,3
915,Female,61,71,100,Bronze,11,2,1
916,Female,33,114,31,Gold,8,1,5
917,Female,61,84,2,Bronze,7,0,2
918,Female,64,55,16,Bronze,7,2,3
919,Female,27,74,9,Bronze,4,4,2
920,Female,47,122,73,Gold,8,4,5
921,Male,42,71,38,Gold,6,3,4
922,Male,56,45,75,Silver,2,5,1
923,Male,37,98,54,Gold,4,5,1
924,Male,22,50,56,Bronze,0,2,3
925,Male,18,122,86,Silver,6,2,1
926,Male,47,120,97,Bronze,0,4,4
927,Male,66,100,100,Bronze,7,1,2
928,Female,20,149,87,Silver,9,4,4
929,Female,62,28,45,Platinum,7,5,3
930,Male,31,134,34,Bronze,2,3,3
931,Male,47,94,9,Bronze,4,3,1
932,Female,67,120,88,Bronze,8,4,4
933,Male,21,84,8,Bronze,5,1,2
934,Male,35,58,7,Platinum,5,3,4
935,Female,54,87,36,Silver,6,4,2
936,Male,42,59,18,Silver,2,3,2
937,Female,65,121,3,Gold,4,1,4
938,Male,18,98,28,Bronze,7,4,5
939,Female,63,96,70,Silver,3,2,4
940,Female,32,121,44,Silver,6,4,2
941,Female,26,35,21,Silver,2,1,3
942,Male,32,21,28,Platinum,8,4,3
943,Female,66,84,54,Gold,10,2,1
944,Male,41,141,54,Bronze,5,4,3
945,Male,21,134,65,Gold,4,2,5
946,Male,29,142,100,Bronze,4,7,2
947,Male,54,71,21,Bronze,8,3,4
948,Female,54,72,99,Bronze,9,2,4
949,Female,60,35,13,Bronze,7,2,5
950,Male,23,96,57,Silver,7,3,3
951,Male,56,83,49,Silver,3,2,2
952,Female,63,145,54,Platinum,8,0,3
953,Male,41,101,10,Silver,7,0,1
954,Female,28,63,53,Silver,2,4,3
955,Male,30,129,44,Bronze,5,3,1
956,Male,51,103,47,Bronze,7,2,4
957,Female,42,99,53,Silver,6,0,2
958,Male,24,142,74,Silver,1,3,1
959,Female,69,131,46,Gold,3,9,3
960,Male,21,141,13,Bronze,4,3,3
961,Male,25,85,37,Bronze,4,5,4
962,Male,37,100,24,Silver,3,7,5
963,Female,46,47,2,Bronze,7,4,5
964,Male,68,95,86,Bronze,9,4,3
965,Male,62,75,81,Gold,4,1,5
966,Male,63,75,100,Bronze,3,2,2
967,Male,27,112,14,Silver,4,3,5
968,Female,60,42,10,Bronze,4,4,2
969,Female,51,57,35,Bronze,6,2,3
970,Male,43,100,25,Bronze,3,2,3
971,Female,58,31,3,Gold,10,0,3
972,Male,66,112,17,Bronze,5,2,4
973,Male,20,112,12,Gold,5,2,5
974,Male,23,79,54,Bronze,3,2,1
975,Female,22,88,24,Gold,2,4,1
976,Female,22,99,29,Bronze,7,2,3
977,Female,64,19,43,Silver,5,4,5
978,Female,40,16,25,Silver,4,3,2
979,Female,66,36,100,Platinum,6,1,1
980,Female,26,126,60,Bronze,5,3,3
981,Female,52,71,90,Bronze,4,6,1
982,Female,37,80,65,Bronze,7,4,1
983,Female,66,88,84,Gold,4,2,1
984,Male,59,112,28,Silver,2,6,3
985,Female,52,126,16,Gold,3,3,3
986,Female,67,139,47,Bronze,8,2,4
987,Female,35,100,81,Bronze,5,5,4
988,Female,34,90,92,Bronze,6,4,4
989,Female,41,102,58,Platinum,2,2,1
990,Female,20,52,76,Silver,3,4,5
991,Female,49,73,27,Platinum,3,2,3
992,Female,52,113,53,Bronze,7,1,4
993,Female,55,77,42,Silver,5,3,5
994,Female,30,63,59,Silver,2,2,4
995,Female,64,46,47,Bronze,2,3,4
996,Male,42,149,94,Gold,7,5,5
997,Male,26,35,34,Platinum,8,3,4
998,Female,21,34,37,Gold,4,2,1
999,Female,31,141,6,Gold,4,0,1
1000,Male,54,82,7,Bronze,4,2,1
